"case","year","TREFHT_K","TS_K","PRECT_mmperyr","QREFHT_massfrac","RHREFHT_percent","LHFLX_Wperm2","SHFLX_Wperm2","FLNS_Wperm2","FLNT_Wperm2","FSNS_Wperm2","FSNT_Wperm2","FLDVG_Wperm2","FSDVG_Wperm2","RESTOM_Wperm2"
"iESM45_coupled",2005,287.24676998758,288.028827754749,1112.47275272491,0.0100879225495606,78.0042193929451,88.2714376550301,18.4724448684958,54.0150902102655,236.368223184352,161.898845852731,236.775849458228,-182.353132974086,74.8770036054971,0.407626273876323
"iESM45_coupled",2006,287.188868143291,287.976444539403,1108.57554643321,0.0100415245760325,78.0504161518176,87.92226235067,18.4443613119915,53.9003865677996,235.986781027458,161.64557424687,236.467860527387,-182.086394459658,74.8222862805176,0.481079499929536
"iESM45_coupled",2007,287.052882564631,287.828095434912,1106.5638011645,0.00997623235554795,78.1082133012054,87.7675621972745,18.2156536320824,54.1862351953433,235.792969682443,162.109784549379,236.807678065622,-181.6067344871,74.6978935162438,1.01470838317946
"iESM45_coupled",2008,287.078305955887,287.859586539531,1105.19740742222,0.0100332891925444,78.0765210529106,87.6790699306545,18.3966902422616,54.1628683322604,235.89119093506,162.144530563448,236.970222576688,-181.7283226028,74.8256920132401,1.07903164162792
"iESM45_coupled",2009,287.243532060165,288.031462697413,1109.80918687897,0.0101093006076196,78.0733710266265,88.0705297346822,18.5687933072575,53.9917257806941,236.213211510289,162.078557238876,236.892172081447,-182.221485729595,74.813614842571,0.678960571157827
"iESM45_coupled",2010,287.224903561724,288.000250759538,1112.29583149427,0.0101339511711535,78.2079635075307,88.2336877028699,18.4115170717645,53.5039227959109,236.015133678647,161.529547736428,236.621068245555,-182.511210882736,75.0915205091275,0.605934566908402
"iESM45_coupled",2011,287.289119378753,288.067736334948,1110.72403899439,0.0101253958041752,78.0569394145034,88.0989336581961,18.3037330790216,53.8118722960044,236.03234814891,162.090913907131,237.069413877887,-182.220475852905,74.9784999707563,1.03706572897741
"iESM45_coupled",2012,287.376389469161,288.156040705933,1111.73645757431,0.0101677507519403,78.0348712903903,88.1969331487993,18.4051786631565,53.8705757142412,236.311377363713,162.35673685535,237.333081099101,-182.440801649471,74.9763442437511,1.02170373538833
"iESM45_coupled",2013,287.423640422025,288.205352347493,1114.58522310024,0.0102330432643251,77.9230969352832,88.4408678416624,18.6520305543905,53.6904624962034,236.691449952713,162.071621854423,237.309386301527,-183.00098745651,75.2377644471048,0.617936348813909
"iESM45_coupled",2014,287.483345596237,288.266708881106,1120.32017560687,0.0102945368756086,78.0577956598358,88.8992578651414,18.3860421029574,53.3918911262538,236.656651647775,161.915820853702,237.065297494047,-183.264760521521,75.1494766403443,0.408645846271355
"iESM45_coupled",2015,287.320585055115,288.091436710953,1114.75772058998,0.0101845986711229,78.1313183052617,88.3699023414183,18.2630973335004,53.5115292706562,236.171807748565,161.679062106977,236.841380448906,-182.660278477909,75.1623183419283,0.669572700340822
"iESM45_coupled",2016,287.40933722909,288.194711850022,1109.25894583895,0.0101688607279671,77.9964986481157,88.0358587824403,18.518965104482,53.8313791169608,236.143709720507,162.341212452219,237.289250520506,-182.312330603547,74.9480380682867,1.14554079999849
"iESM45_coupled",2017,287.549651837742,288.336136420103,1113.49722331172,0.0102707180391413,77.914803787346,88.3139644642609,18.5147551141556,53.6913885601952,236.516620805442,162.358614662158,237.502496829776,-182.825232245247,75.1438821676182,0.985876024334491
"iESM45_coupled",2018,287.669834726764,288.447389164669,1118.41350855786,0.0102443494511936,77.7494384355495,88.6668535536331,18.5928803376309,53.803488266835,236.954262264238,162.518773878579,237.581313145323,-183.150773997403,75.0625392667446,0.627050881085445
"iESM45_coupled",2019,287.502680263897,288.28406614166,1108.65925905623,0.0101986274287973,77.9313310199112,87.9627302132404,18.4373950918538,53.6392428977326,235.988656920877,162.083132089671,237.183317960217,-182.349414023144,75.1001858705461,1.19466103934021
"iESM45_coupled",2020,287.53019654082,288.304713394027,1111.91187926338,0.0102286554091942,77.9438776539888,88.2259397256748,18.4675037213412,53.707246869905,236.202931995593,162.390878019705,237.495691181947,-182.495685125688,75.104813162242,1.29275918635405
"iESM45_coupled",2021,287.563381291885,288.337362156002,1113.98849954343,0.0102640727968019,78.0428646848314,88.324104104242,18.4503294748847,53.5344049358864,236.264259463253,162.408429791971,237.457941969425,-182.729854527367,75.0495121774539,1.19368250617201
"iESM45_coupled",2022,287.557422284382,288.319758132963,1112.28784284648,0.0102576846776266,78.0156301759715,88.2787111041428,18.368773721365,53.5883690728318,236.170320529521,162.477038713189,237.68496223074,-182.581951456689,75.2079235175511,1.5146417012198
"iESM45_coupled",2023,287.717579911189,288.494399053431,1115.78354923898,0.0103274172951188,77.9798363521136,88.5462287986704,18.3599192586604,53.6357587442918,236.566139131859,162.886670729661,238.127662576359,-182.930380387567,75.2409918466981,1.56152344450018
"iESM45_coupled",2024,287.853180576996,288.623975849087,1121.50901452914,0.0103915049043757,78.0202192323367,88.9232642791732,18.3679416372382,53.2176240272675,236.78607755752,162.395398004891,237.822150968954,-183.568453530252,75.4267529640635,1.03607341143477
"iESM45_coupled",2025,287.954472097032,288.744159253828,1122.56728932076,0.0104883639021707,78.0300741719094,89.1108581848759,18.4840803281451,53.2613424068096,236.75352811206,163.025397235594,238.344844818675,-183.49218570525,75.3194475830807,1.59131670661524
"iESM45_coupled",2026,288.051867774161,288.834838332388,1130.9458766739,0.0105793173574457,77.9800245031983,89.6850086262498,18.4806220063253,52.8505654740912,237.430480617851,162.296287725768,237.779191257448,-184.57991514376,75.4829035316793,0.348710639596322
"iESM45_coupled",2027,287.918858379402,288.693190973195,1124.78771485586,0.0104457383485301,77.9606737180655,89.1832138716183,18.4215766769029,53.0572468472774,236.924122870542,162.127654648257,237.561724694491,-183.866876023265,75.4340700462348,0.637601823949242
"iESM45_coupled",2028,287.854483435544,288.624292157001,1117.12910378233,0.0103956203961668,77.9464503910314,88.6096130984271,18.3157631261837,53.4443706440816,236.467511360255,162.740302391232,237.989631207464,-183.023140716173,75.2493288162316,1.52211984720859
"iESM45_coupled",2029,287.910328222521,288.677160195534,1121.01382738868,0.0104433149351976,77.8843251166537,88.9250957321189,18.4405405416469,53.3200668617803,236.8641302439,162.673408994657,238.004464645759,-183.54406338212,75.3310556511025,1.14033440185903
"iESM45_coupled",2030,287.916065569566,288.688583058539,1122.42390083343,0.010452346167249,78.0070142552464,89.0282015125758,18.2862208954366,53.1647620352851,236.683319525365,162.605274467071,237.994703032594,-183.51855749008,75.389428565523,1.31138350722919
"iESM45_coupled",2031,287.950269314,288.715226828568,1126.2138719173,0.0105019840973933,78.0516871235054,89.4046089158587,18.2941866526345,53.0119005522099,236.734003770359,162.348121806557,237.775483415064,-183.722103218149,75.4273616085071,1.0414796447047
"iESM45_coupled",2032,288.064617354192,288.8442986466,1127.77680603369,0.0105413229097278,78.0112747609364,89.438103430412,18.3734265681061,53.0337742870906,237.161651125388,162.73726461931,238.255831132577,-184.127876838298,75.5185665132665,1.09418000718847
"iESM45_coupled",2033,288.174326972372,288.94823369804,1131.71765326656,0.0106504537988661,78.1322996094885,89.8144536544299,18.3820455062421,52.6824171454588,237.209839778667,162.848670882134,238.497062463843,-184.527422633208,75.6483915817098,1.28722268517686
"iESM45_coupled",2034,288.279275510577,289.036935503229,1139.25854929065,0.0107031798723725,78.0794298721265,90.2983215723408,18.213903102294,52.5628340098166,237.606028212157,162.515368749811,238.134469834154,-185.043194202341,75.6191010843432,0.52844162199708
"iESM45_coupled",2035,287.973563199087,288.72909284165,1119.98160737621,0.010436746239034,77.8749566141211,88.8231909496377,18.1812344402916,53.3514893057118,236.699232559858,162.72642053561,238.144844884898,-183.347743254146,75.4184243492875,1.44561232503995
"iESM45_coupled",2036,288.008986390348,288.77281390115,1119.65727592962,0.0104769611510844,77.8267378483108,88.8622927579593,18.4156631010068,53.311955736909,236.738119769084,162.948794241101,238.356305457678,-183.426164032175,75.4075112165771,1.61818568859375
"iESM45_coupled",2037,288.216015929009,288.986688404049,1131.55203753126,0.0106519966600895,77.9431820589237,89.7650371337752,18.4816629048829,52.9379421788074,237.383105493081,163.298212598194,238.79283092834,-184.445163314274,75.4946183301458,1.40972543525815
"iESM45_coupled",2038,288.344016458101,289.11276227275,1135.08285206445,0.0106984335399383,77.8665708323258,90.0077389026183,18.5273539611869,52.7554954169012,237.650609396966,162.825504329892,238.473275100888,-184.895113980065,75.6477707709954,0.822665703921563
"iESM45_coupled",2039,288.219401124768,288.986037913564,1127.48225705461,0.010591398189037,77.7461573392369,89.4148563234088,18.5225129650609,53.0000166754284,237.465429537187,162.856798812606,238.405314017247,-184.465412861759,75.5485152046418,0.93988448006014
"iESM45_coupled",2040,288.200591277769,288.961131107643,1129.06802451002,0.0105953424558935,77.8619535501504,89.5794231894939,18.2908718360319,53.0029978115324,237.039185974584,162.94226885785,238.479482099097,-184.036188163052,75.5372132412474,1.44029612451346
"iESM45_coupled",2041,288.220357036728,288.985745514327,1127.77999423289,0.0106135398062589,77.8852877000032,89.5007362500947,18.4605445786284,52.8640037092111,237.15291457221,162.928652439489,238.521417321448,-184.288910862999,75.592764881959,1.36850274923791
"iESM45_coupled",2042,288.377266968736,289.138560504997,1137.26204623552,0.0107523570568929,77.995614046859,90.1884584486503,18.3156568202489,52.4688409923824,237.484688543105,162.825179571435,238.463368689866,-185.015847550722,75.6381891184314,0.978680146761666
"iESM45_coupled",2043,288.266629208814,289.033889283205,1129.81965207069,0.0106149553906381,77.7871462209314,89.5953679968011,18.3248393061362,53.0592150425336,237.166696116085,163.422031053762,238.9121020808,-184.107481073552,75.490071027038,1.74540596471499
"iESM45_coupled",2044,288.38435629721,289.145413533705,1128.48592044986,0.0106872192397291,77.8925831997733,89.5607418150679,18.2720679566989,52.8830331581548,237.184037863664,163.555876246577,239.307415500914,-184.301004705509,75.7515392543373,2.12337763725073
"iESM45_coupled",2045,288.55837515338,289.331692169128,1137.20685240377,0.0108212923905145,77.9018277294945,90.2026282675205,18.4136952741689,52.5343266476584,237.602432953522,163.524091949973,239.260293606531,-185.068106305863,75.7362016565578,1.65786065300928
"iESM45_coupled",2046,288.651021465537,289.417308746248,1142.27184162636,0.0108908959985732,77.8333802519547,90.6528156788174,18.3960844092692,52.3992051991555,238.072026029633,163.112325093698,239.066143272053,-185.672820830477,75.9538181783551,0.994117242420529
"iESM45_coupled",2047,288.571805976434,289.336724827216,1137.48981369538,0.0108362719872177,77.8775689040318,90.1812739197605,18.3366562109562,52.3071234254124,237.796944874993,162.818271258834,238.802816430423,-185.489821449581,75.984545171589,1.0058715554294
"iESM45_coupled",2048,288.588700623834,289.353405347103,1134.79782183692,0.0107990559418936,77.7661174436604,90.0310201894161,18.4413398788512,52.8047315360068,237.711486813813,163.50727269419,239.393724267455,-184.906755277806,75.8864515732652,1.68223745364212
"iESM45_coupled",2049,288.602820554123,289.370019323505,1138.15177799331,0.010847259110668,77.7524766558821,90.2909674416427,18.4633653857628,52.6379780332563,237.994302232206,163.225477139648,239.052137746493,-185.35632419895,75.8266606068449,1.05783551428662
"iESM45_coupled",2050,288.613107602392,289.37443848618,1140.37710699023,0.0108861075807946,77.9327437360941,90.4572488395571,18.4140354276424,52.2154083903312,237.739876120969,162.905881623365,238.834863442241,-185.524467730638,75.9289818188762,1.09498732127179
"iESM45_coupled",2051,288.496665829531,289.249623980614,1136.83955091326,0.0108052395141609,77.9582831765095,90.1255545989497,18.2667709840184,52.3741788519514,237.594421404893,162.980509701209,238.826993570376,-185.220242552942,75.8464838691666,1.23257216548248
"iESM45_coupled",2052,288.432208136875,289.188341731668,1132.07886253956,0.0107144667096219,77.8276006858782,89.7910392491595,18.2161619095837,52.8072985389217,237.228553248673,163.192517447026,238.865597600702,-184.421254709752,75.6730801536753,1.63704435202848
"iESM45_coupled",2053,288.481902212663,289.251884417051,1131.02795563349,0.0107739209970816,77.7751918361577,89.7542400395645,18.4165993051151,52.7257735643087,237.333184200294,163.429281898901,239.16764742357,-184.607410635986,75.7383655246683,1.83446322327552
"iESM45_coupled",2054,288.67613882473,289.442311460235,1142.18646568382,0.0108903606417135,77.8412253198919,90.5696720304595,18.3825020946559,52.2271705377104,237.976908174609,163.017280137695,239.006027197384,-185.749737636899,75.9887470596896,1.02911902277518
"iESM45_coupled",2055,288.657154804915,289.420422627737,1139.01819390665,0.0108638125877881,77.7083945603943,90.4053847378745,18.5664901709824,52.6141233644605,238.111966025637,163.341925640403,239.271321496726,-185.497842661177,75.929395856323,1.1593554710891
"iESM45_coupled",2056,288.672640316981,289.434788977018,1138.48071153933,0.0108887754755902,77.8385300039096,90.2610213798542,18.3553919762898,52.42464866741,237.631378586648,163.420212907203,239.277294252144,-185.206729919238,75.8570813449406,1.64591566549591
"iESM45_coupled",2057,288.568063818618,289.315017292464,1134.35542632849,0.0108135449341083,77.828518067229,89.941414718416,18.2227058914835,52.4544942898505,237.33253885577,163.17264917725,239.041834151566,-184.87804456592,75.8691849743161,1.70929529579593
"iESM45_coupled",2058,288.655721140655,289.419734105432,1134.03401844502,0.010837061042054,77.7692461185777,89.9975192954766,18.3694572408382,52.7268779795337,237.612420018596,164.118858024858,239.883286214631,-184.885542039063,75.7644281897732,2.27086619603517
"iESM45_coupled",2059,288.781265560626,289.540183066693,1140.79260754394,0.0109589584229313,77.7918401892308,90.54296150145,18.5389129274581,52.4244526798093,238.049331243016,163.673892548519,239.616523128753,-185.624878563207,75.9426305802344,1.56719188573715
"iESM45_coupled",2060,288.968899315774,289.735555341701,1145.83250507154,0.0110687231809102,77.7990880751998,90.8379241790907,18.4410153056046,52.0051677570687,238.114079794292,163.432346541194,239.558665743713,-186.108912037224,76.1263192025189,1.44458594942035
"iESM45_coupled",2061,288.869495933609,289.61725939322,1142.35378699535,0.0109644453001689,77.6674529295828,90.6071889211279,18.2558421903433,52.3048701212331,238.070572126416,163.270547838711,239.366705109962,-185.765702005183,76.0961572712508,1.29613298354636
"iESM45_coupled",2062,288.77533667986,289.535527191262,1132.49500720638,0.0108595459671091,77.6363263416913,89.8220966107959,18.4389878715651,52.6857461994223,237.771192257212,163.536236468547,239.454533452739,-185.08544605779,75.9182969841918,1.68334119552674
"iESM45_coupled",2063,288.835408916973,289.597509562142,1138.20709461301,0.0108815699112967,77.5442490929558,90.3242563735316,18.4604122527794,52.8370381066437,238.004929283676,164.130697197435,239.941539952719,-185.167891177032,75.8108427552839,1.93661066904344
"iESM45_coupled",2064,288.981479216457,289.739852442746,1143.34944279884,0.0110256571135726,77.6947504744831,90.68268885147,18.5815174029397,52.2867449353554,238.427209554094,163.687274530676,239.737161623142,-186.140464618739,76.0498870924664,1.30995206904829
"iESM45_coupled",2065,289.119015470465,289.882765253712,1147.32938175562,0.0111364338757802,77.6655220359238,91.0466202189982,18.4856520222967,52.0567000140654,238.392230061993,163.693770263771,239.868987326454,-186.335530047928,76.1752170626836,1.47675726446098
"iESM45_coupled",2066,289.006725948686,289.754358844473,1148.9685572737,0.0110836596081684,77.6996162191379,91.1041086617966,18.325838258869,52.1998960800427,238.565332708603,163.657692714449,239.824709972808,-186.36543662856,76.1670172583588,1.25937726420498
"iESM45_coupled",2067,288.835870859108,289.585644091205,1141.30089712299,0.0109159098749711,77.7592846904059,90.4981675842694,18.3549400879227,52.434349389127,238.196488111677,163.773843058229,239.714242588859,-185.76213872255,75.9403995306301,1.51775447718186
"iESM45_coupled",2068,288.835792202395,289.590595308335,1143.11798002664,0.0109429490835091,77.7008975903142,90.7023044404019,18.3836310484241,52.574357524934,237.91567283931,164.267398743472,240.079626231648,-185.341315314376,75.8122274881762,2.16395339233824
"iESM45_coupled",2069,289.01096010477,289.763061085139,1146.35112350922,0.0110359411071937,77.7074763539671,90.8922270339995,18.3312856677962,52.3575484956098,238.401089142413,164.130708254128,240.102049735971,-186.043540646803,75.9713414818439,1.7009605935582
"iESM45_coupled",2070,289.121800774437,289.881480937969,1145.52961497438,0.0110923743435015,77.6445982173693,90.975476678803,18.4835195447064,52.3553373817197,238.340299074951,164.22612588361,240.185612048723,-185.984961693232,75.9594861651139,1.84531297377208
"iESM45_coupled",2071,289.26898481813,290.027124296793,1159.68058734259,0.0112926017526505,77.936341497742,91.9682298505402,18.4047674827834,51.6466468148022,238.85168363316,163.879665643231,240.073259815812,-187.205036818358,76.1935941725819,1.22157618265253
"iESM45_coupled",2072,289.160747976424,289.912541794249,1153.03444721144,0.0111658045823149,77.7904985389875,91.3855312084204,18.2373359310526,52.0578204367833,238.543001376702,163.952177808186,239.927717187456,-186.485180939919,75.9755393792707,1.38471581075394
"iESM45_coupled",2073,289.070907429152,289.817079900871,1146.27727636261,0.0110664675213087,77.6728209231059,90.9267149441664,18.2611178294604,52.3619195361321,238.283805091129,164.125189451702,240.10976479828,-185.921885554996,75.9845753465781,1.82595970715184
"iESM45_coupled",2074,289.173366083698,289.933315124064,1150.60144661933,0.0111136968272088,77.6681087477144,91.3516653900418,18.451804636294,52.4726930261373,238.756176065845,164.754450865758,240.677145804626,-186.283483039708,75.9226949388686,1.92096973878132
"iESM45_coupled",2075,289.350862143654,290.107437988263,1156.35579057505,0.0112961866137426,77.7201677647597,91.7103877406818,18.3894684302351,51.8916765587678,238.832656662295,164.341784011567,240.512535607972,-186.940980103527,76.1707515964046,1.67987894567678
"iESM45_coupled",2076,289.363752219538,290.11085744948,1160.39142166891,0.0113368851041083,77.7880545208786,92.0076984868379,18.370200514017,51.6422515721953,239.037266148386,164.010645312503,240.240989444106,-187.395014576191,76.230344131603,1.2037232957193
"iESM45_coupled",2077,289.303598459478,290.050154218649,1154.94879895709,0.0112370906562702,77.763551223485,91.6118961140625,18.2732928993093,51.8113749033254,238.641713575225,164.018703195185,240.228733879262,-186.8303386719,76.2100306840767,1.58702030403647
"iESM45_coupled",2078,289.174435987198,289.920887597284,1148.81487137859,0.0111630618182296,77.6422079776851,91.0883094263071,18.413331441926,52.276274044125,238.611775489673,164.4318090183,240.459758900812,-186.335501445548,76.0279498825123,1.84798341113955
"iESM45_coupled",2079,289.328247416356,290.086190179783,1153.85643193819,0.0112481681792685,77.6102840874454,91.5955006006302,18.6013273932692,52.1080088728043,238.945774843725,164.346556301131,240.51342062881,-186.83776597092,76.166864327679,1.56764578508561
"iESM45_coupled",2080,289.326773415667,290.063566461655,1164.41037637595,0.0113151398246602,77.9006922025957,92.2700163370341,18.1204686390313,51.4966347684854,239.093522654792,163.899609997816,240.060896998368,-187.596887886307,76.1612870005517,0.967374343575965
"iESM45_coupled",2081,289.107607007513,289.854795614149,1148.65015644163,0.0110800678745112,77.6593363037957,91.0879495595949,18.2416045469597,52.4431225322287,238.386974687254,164.475043591809,240.281200463615,-185.943852155025,75.8061568718059,1.89422577636095
"iESM45_coupled",2082,289.334049400431,290.087519298919,1155.75669817189,0.0112476248723567,77.7744916406404,91.7810924122649,18.4346590137533,52.1526116950968,238.675697495287,165.027338323411,240.946799593106,-186.52308580019,75.9194612696949,2.27110209781961
"iESM45_coupled",2083,289.487493066876,290.233367255243,1161.25513444177,0.0113563480435518,77.6663850303955,92.0967022518541,18.4259066600346,51.9541304721389,239.270035526317,164.508187778137,240.616118099355,-187.315905054178,76.1079303212183,1.34608257303837
"iESM45_coupled",2084,289.405747592214,290.161775407881,1157.6393605584,0.0112807087340066,77.6370613249011,91.8144789709741,18.4706830926481,51.9863967838881,239.199075442096,164.350619384923,240.461551698301,-187.212678658207,76.1109323133787,1.26247625620594
"iESM45_coupled",2085,289.355035487937,290.104854424246,1156.02844371655,0.0112784416763638,77.6196522192268,91.6588176990482,18.3891393698363,52.0182348136857,238.894715000234,164.268407839593,240.437377415805,-186.876480186548,76.1689695762127,1.54266241557167
"iESM45_coupled",2086,289.382885792129,290.131258595815,1158.1000757772,0.0113243079736952,77.8293031506954,91.8895005282536,18.2816869138095,51.6987974350748,238.691551521349,164.264640548667,240.420501044519,-186.992754086274,76.1558604958527,1.72894952317084
"iESM45_coupled",2087,289.476313038658,290.228241184872,1155.61052119973,0.0112823702767503,77.5006181689293,91.6613062516691,18.4190922126986,52.2381032008277,239.039393855936,164.634053598074,240.794134400847,-186.801290655108,76.1600808027723,1.75474054491043
"iESM45_coupled",2088,289.46296707908,290.206954074969,1160.83639746258,0.0113270466073354,77.6904863195869,92.1152868422795,18.3242293293983,51.8218247683122,239.333669698238,164.399792542013,240.663133888839,-187.511844929926,76.2633413468257,1.3294641906006
"iESM45_coupled",2089,289.454938255897,290.206051851696,1155.93650736289,0.0112677511809537,77.5856189073975,91.6340889434058,18.3308970403594,52.0761150448057,238.919753809158,164.527600289031,240.634679749895,-186.843638764353,76.1070794608638,1.71492594073632
"iESM45_coupled",2090,289.559873157296,290.303629331872,1161.28898830703,0.011373303818318,77.6673185351362,92.1605663415458,18.4340997336924,51.9451764806346,239.151992444643,164.90653591303,240.971537620078,-187.206815964008,76.0650017070479,1.81954517543541
"iESM45_coupled",2091,289.542836811369,290.286125790449,1164.24729876477,0.011383143745732,77.7814847181851,92.307043325085,18.2079638240659,51.5525479048635,239.278544578831,164.06674278166,240.348328620359,-187.725996673967,76.2815858386985,1.06978404152776
"iESM45_coupled",2092,289.56003256223,290.314868995171,1159.05591284867,0.0113340999278188,77.6355758712856,91.9449114316869,18.2950847311918,52.049423288382,238.925766507091,164.858067662345,240.972582867949,-186.876343218709,76.1145152056039,2.04681636085811
"iESM45_coupled",2093,289.589798275553,290.332967317941,1165.27532559029,0.0114209365376197,77.741692318295,92.4677060274453,18.3055943952665,51.67269717963,239.281771655348,164.588733454194,240.799602722533,-187.609074475718,76.2108692683396,1.51783106718568
"iESM45_coupled",2094,289.689075761385,290.434337897923,1168.3450069717,0.011469251874572,77.7478744583138,92.657142116751,18.3695349271281,51.527655852339,239.530842387499,164.51892518703,240.822899044679,-188.00318653516,76.3039738576485,1.29205665717996
"iESM45_uncoupled",2005,287.268240675303,288.056020959182,1115.3191312177,0.010115917624128,78.0822897854233,88.4468435138849,18.3788170411167,53.8755493600123,236.342731140309,161.887202194943,236.719014433348,-182.467181780297,74.8318122384051,0.376283293039079
"iESM45_uncoupled",2006,287.27666521584,288.067307721974,1108.82498306944,0.0100821289358247,77.9636451028952,87.9829276014596,18.6067086811692,54.0973696953607,236.215994314364,162.112508540909,236.903787015184,-182.118624619003,74.7912784742749,0.687792700820306
"iESM45_uncoupled",2007,287.302477354731,288.097373799329,1103.69772537232,0.0100720983468793,77.8475825460266,87.5618610740121,18.5375813446508,54.3258405559899,236.234337830382,162.207401309605,237.068979369503,-181.908497274392,74.8615780598983,0.834641539121045
"iESM45_uncoupled",2008,287.306746406028,288.098855209193,1113.71702175918,0.0101411672312201,78.0510524716615,88.3304575180389,18.4934999362298,53.9249841416184,236.345857687286,162.236764805819,237.144126766,-182.420873545667,74.9073619601809,0.798269078714064
"iESM45_uncoupled",2009,287.286083826878,288.069274857395,1117.13385613808,0.010201833224834,78.1774327281467,88.6325760396281,18.3834603247896,53.5407626168692,236.38385967384,161.778772226629,236.677712800024,-182.843097056971,74.8989405733954,0.293853126184031
"iESM45_uncoupled",2010,287.227434581234,288.019432471284,1106.51212640402,0.0100541635036331,77.9568781990575,87.7411817738838,18.5150858070773,54.0285595535483,236.025080403148,161.895418142341,236.669410748596,-181.996520849599,74.7739926062549,0.644330345448712
"iESM45_uncoupled",2011,287.209587501229,287.997479666606,1107.75997695704,0.0101032437257745,77.9973287928589,87.9032294207237,18.5608421048795,53.9762376190596,235.893488579748,162.262064276118,237.103544989492,-181.917250960688,74.8414807133741,1.2100564097442
"iESM45_uncoupled",2012,287.283511630169,288.058466329458,1111.3850855799,0.0101540398496015,78.0675784632137,88.1547184741648,18.4095121938429,53.67344268147,236.209449372508,161.662952599456,236.693071695299,-182.536006691038,75.0301190958428,0.483622322790878
"iESM45_uncoupled",2013,287.320327447603,288.105735642092,1109.55396664429,0.010126667651113,77.9485655772703,88.0035764036155,18.5039628680635,53.9220080247665,236.27281521529,162.099140383985,237.158906259217,-182.350807190523,75.0597658752313,0.886091043926723
"iESM45_uncoupled",2014,287.397793587277,288.175371275914,1110.37022563569,0.0101390675838647,77.8446467430401,88.102937516951,18.5019004607098,54.1034853505874,236.455146741721,162.519585322393,237.432073228313,-182.351661391133,74.91248790592,0.976926486592201
"iESM45_uncoupled",2015,287.367550193296,288.140417553558,1114.72055373264,0.0101819608956309,78.1484213843557,88.415902878285,18.2433815341139,53.4327444518363,236.003324650817,161.619793611338,236.751292513979,-182.570580198981,75.131498902641,0.747967863161226
"iESM45_uncoupled",2016,287.257214380929,288.042313208779,1106.65010126176,0.0101332376707874,78.11840483451,87.781797946794,18.3472469121929,53.7015027698047,235.666557696629,162.069350796363,236.944129963637,-181.965054926825,74.874779167274,1.27757226700753
"iESM45_uncoupled",2017,287.382531639429,288.164845896219,1109.66455668724,0.0101502133140703,77.8744034789999,88.0672719772365,18.5386750811881,53.8670284047355,236.163449316807,162.2007910356,237.256773838038,-182.296420912071,75.0559828024388,1.09332452123168
"iESM45_uncoupled",2018,287.553446344961,288.338006622864,1116.69993893314,0.0102922358863725,78.1328432113826,88.5976355032071,18.5063644812597,53.3061034894848,236.387637611396,162.19972649201,237.288112947187,-183.081534121911,75.0883864551769,0.900475335791061
"iESM45_uncoupled",2019,287.552568851194,288.334057978777,1115.86359171223,0.010271334298411,77.9679256562971,88.4693484418318,18.5813417200837,53.4821131758824,236.452607736339,161.987922278759,237.070087713153,-182.970494560457,75.0821654343946,0.617479976814408
"iESM45_uncoupled",2020,287.495213362708,288.27986262334,1109.67024883546,0.0101932099185838,77.8974246778027,88.0061796808774,18.5334249704657,53.7921678228892,236.275826038969,162.177478754028,237.263043971346,-182.48365821608,75.085565217318,0.987217932376111
"iESM45_uncoupled",2021,287.579360521961,288.362570340107,1112.14103368851,0.010259836575683,77.9885110488173,88.2877555316927,18.4656124479064,53.5704880539142,236.25806963756,162.422098893033,237.630478477507,-182.687581583645,75.2083795844739,1.37240883994732
"iESM45_uncoupled",2022,287.772915247447,288.550475166141,1125.77492418143,0.010419723058113,78.0762515324829,89.3104137770338,18.4816472399425,53.1846761383563,236.873433132015,162.544850962982,237.818108457378,-183.688756993658,75.2732574943964,0.944675325363616
"iESM45_uncoupled",2023,287.7247425741,288.497460309641,1117.72595825808,0.0103334902313128,77.9434468974383,88.6007308801498,18.3803300561116,53.4071847155781,236.781224629116,162.271461390904,237.606390994185,-183.374039913538,75.3349296032815,0.825166365069193
"iESM45_uncoupled",2024,287.576546634899,288.355334978634,1109.21052210251,0.0102280941847183,77.9252202174161,87.9712162711894,18.5269329324062,53.6688986189074,236.152577691155,162.71478494614,237.830674282129,-182.483679072248,75.1158893359894,1.67809659097417
"iESM45_uncoupled",2025,287.660213354321,288.44113785278,1114.05433623939,0.0102955311725949,77.9143206325582,88.408852708126,18.5070216992228,53.5721099776162,236.415269743928,162.665119999138,237.894300926146,-182.843159766312,75.2291809270086,1.47903118221769
"iESM45_uncoupled",2026,287.834064772187,288.614614109247,1120.81895915598,0.0104347585296875,77.9528303237042,88.9394757886142,18.5012019212118,53.2036485446315,236.71608079894,162.532738738299,237.915368101992,-183.512432254308,75.3826293636926,1.19928730305191
"iESM45_uncoupled",2027,287.974123112839,288.753751174624,1128.05252623173,0.0105211688172997,78.0086842178945,89.4631576764175,18.4863020620346,52.7658107326272,237.038391305403,161.997705742826,237.513020650833,-184.272580572776,75.5153149080068,0.474629345429403
"iESM45_uncoupled",2028,287.878944683843,288.650724299291,1118.95003110862,0.0103992128235285,77.880899054454,88.7347620214273,18.4730155767328,53.3528106068226,236.832083195808,162.510671776985,237.778038581372,-183.479272588985,75.2673668043871,0.9459553855641
"iESM45_uncoupled",2029,287.742686504808,288.519281761286,1117.78669442037,0.0103503847223043,78.0139923708867,88.6887582330886,18.3125423725821,53.2440561377338,236.314580129844,162.40807722195,237.69339140367,-183.07052399211,75.2853141817207,1.37881127382682
"iESM45_uncoupled",2030,287.800146861096,288.572802022532,1122.10770921127,0.0104118068954681,78.0722346301134,89.0397623121848,18.3089544357837,53.2545817883243,236.58978022678,162.648351190157,237.927873356707,-183.335198438456,75.2795221665496,1.33809312992666
"iESM45_uncoupled",2031,287.89188163558,288.667065787023,1127.06470815508,0.010503944949905,78.1485127519661,89.342863590436,18.4154857321162,52.7522261880497,236.779617776892,162.242898435577,237.652023492413,-184.027391588843,75.4091250568356,0.872405715520292
"iESM45_uncoupled",2032,287.913578287793,288.675924589524,1117.90576456105,0.0104356489753642,77.8759627784715,88.7355954090581,18.4125317460482,53.321379435988,236.671924617504,162.667687890166,238.091411188588,-183.350545181516,75.423723298422,1.41948657108439
"iESM45_uncoupled",2033,287.852229126402,288.61543626365,1120.0943771663,0.0104193324612629,77.9835941073736,88.8097828012506,18.4104219128302,53.166871425843,236.646383402053,162.587136124961,238.008798216403,-183.479511976211,75.4216620914416,1.36241481434898
"iESM45_uncoupled",2034,287.954731195964,288.722826127715,1121.98205676716,0.010453787527917,77.9358061631115,88.9968919112632,18.4451727839658,53.2007938032413,236.769252431747,162.877222597624,238.299076751087,-183.568458628506,75.4218541534634,1.5298243193402
"iESM45_uncoupled",2035,288.015501976741,288.7801346853,1127.37292646052,0.0105226141535195,77.9032304621381,89.4625376772993,18.4409495030443,52.9052444563073,237.13399530491,162.51944029402,238.054510333826,-184.228750848602,75.5350700398066,0.920515028916739
"iESM45_uncoupled",2036,287.976025455805,288.737524121708,1119.84669818635,0.0104512817336896,77.778330598032,88.7964197344596,18.484770066702,53.3343281953884,236.97012402606,162.818968771473,238.285207851795,-183.635795830671,75.4662390803217,1.31508382573503
"iESM45_uncoupled",2037,287.985198765077,288.751131228647,1124.14884562212,0.0105128299126315,77.9808087388813,89.1577769606968,18.3291840935308,52.952989372845,236.489608518842,162.843368305831,238.211271068977,-183.536619145997,75.3679027631462,1.72166255013536
"iESM45_uncoupled",2038,288.132141842044,288.91099262444,1125.41610795135,0.0105972045299092,77.910364096691,89.3195044744953,18.4930693234412,53.0750246079965,237.210306690479,163.311003587496,238.806298209591,-184.135282082482,75.495294622095,1.59599151911201
"iESM45_uncoupled",2039,288.282128174943,289.051678201248,1139.34926789415,0.0107461592930136,78.1142643535782,90.3943706686814,18.2802980063233,52.3418901634284,237.396125950268,162.48802004385,238.167066818813,-185.05423578684,75.6790467749633,0.770940868545211
"iESM45_uncoupled",2040,288.218523602405,288.97912083039,1131.36165491543,0.010638813848347,77.9320525119246,89.7294404535498,18.2683630959795,52.7450623345863,237.254615914051,162.711899699015,238.340395934612,-184.509553579465,75.6284962355963,1.08578002056092
"iESM45_uncoupled",2041,288.123937467535,288.886822061307,1125.43431497766,0.0105593755510435,77.9305877990177,89.218825870368,18.321738150823,52.9077932636021,236.811835219145,162.820289150525,238.289734547656,-183.904041955543,75.4694453971315,1.47789932851134
"iESM45_uncoupled",2042,288.30851870828,289.069953728543,1130.80560775266,0.0106296268084626,77.88426958979,89.8210285739164,18.4283725967453,52.814922503912,237.200346998466,163.135528173728,238.745405752452,-184.385424494554,75.6098775787244,1.54505875398609
"iESM45_uncoupled",2043,288.496259069757,289.261219711298,1143.2473030805,0.0108420240729261,78.1102612242327,90.6188871402427,18.1530908415102,52.1866120720088,237.474397290636,162.879082533181,238.549827909744,-185.287785218627,75.6707453765623,1.07543061910807
"iESM45_uncoupled",2044,288.264349496761,289.025522468046,1127.59702621178,0.0106351236406176,77.8806283339316,89.4173545597532,18.2771843679552,52.6799677990277,236.933946402687,162.769069950143,238.472492336664,-184.253978603659,75.7034223865211,1.53854593397689
"iESM45_uncoupled",2045,288.287967286084,289.059820290875,1128.54864791604,0.0106407270423109,77.8925704359279,89.5610033202463,18.3783514353039,52.9264700870992,237.173005653833,163.478094910917,239.035564718577,-184.246535566734,75.5574698076597,1.8625590647439
"iESM45_uncoupled",2046,288.483484607694,289.245059685524,1138.39658937792,0.0108179318627061,77.8672205468912,90.3242638788338,18.4324839970471,52.589658430644,237.689188098365,163.064942063167,238.896275185709,-185.099529667721,75.8313331225415,1.2070870873441
"iESM45_uncoupled",2047,288.512199587958,289.275941195008,1143.65177763103,0.0108518403975672,78.0566151451797,90.6621283046755,18.2078677698095,52.1411585687256,237.835927416023,162.750945972786,238.620389224368,-185.694768847297,75.8694432515826,0.784461808345376
"iESM45_uncoupled",2048,288.345414887738,289.109081322783,1129.04075290213,0.0106706880767967,77.8499360526903,89.5496412704797,18.3720532161686,52.713645562145,237.248340568791,162.893699154571,238.602406740034,-184.534695006646,75.7087075854632,1.35406617124356
"iESM45_uncoupled",2049,288.373397762258,289.134259165634,1129.48883958754,0.0106921901670276,77.7838469423665,89.6139727643555,18.4145719045149,52.9746758483923,237.171575930295,163.418598437494,238.991788939474,-184.196900081902,75.5731905019803,1.82021300917929
"iESM45_uncoupled",2050,288.539798620471,289.301434384226,1137.53774820131,0.0108429431673087,77.968022205143,90.2447626683527,18.226968577128,52.3769000223246,237.428663783604,162.957922420859,238.748468745521,-185.051763761279,75.7905463246611,1.3198049619167
"iESM45_uncoupled",2051,288.520442111355,289.2820167445,1132.28059689295,0.0107918168022708,77.7796498771446,89.8329518036736,18.3836572958634,52.64909094798,237.450350177241,163.204807009128,239.023924617831,-184.801259229261,75.8191176087034,1.57357444059027
"iESM45_uncoupled",2052,288.668762460772,289.431700644648,1138.91863542144,0.0108516846684896,77.8524134953411,90.3618609833723,18.5020959747729,52.4361109705592,237.80490246199,163.255841033757,239.096893310625,-185.368791491431,75.8410522768674,1.29199084863451
"iESM45_uncoupled",2053,288.688728519334,289.444965746725,1146.6051156356,0.0109373452344796,78.0190768528926,90.8984649881703,18.312411685033,51.9954393567445,237.955976901681,162.959463699165,238.890028091903,-185.960537544936,75.9305643927381,0.934051190222051
"iESM45_uncoupled",2054,288.471639216497,289.221672338399,1135.09380260435,0.0107254153300406,77.8932322400676,90.0346606369931,18.1697565524226,52.7419780025407,237.404532742285,163.490533017727,239.131278998784,-184.662554739745,75.6407459810573,1.72674625649889
"iESM45_uncoupled",2055,288.353461195752,289.103364129318,1131.11180971929,0.0106546120025465,77.87784270977,89.7059590094543,18.2067298092498,52.9354735842163,237.173443055855,163.803494452971,239.276705360716,-184.237969471639,75.4732109077454,2.10326230486104
"iESM45_uncoupled",2056,288.615024012517,289.374231543451,1130.40509920533,0.0107740976340024,77.7186241756369,89.7208285989986,18.4240453488894,52.9773686891933,237.340911790221,164.086853536512,239.770292310892,-184.363543101028,75.6834387743798,2.42938052067051
"iESM45_uncoupled",2057,289.003800416622,289.765058881388,1144.1763333069,0.0110575809602875,77.7867526327782,90.7843343558059,18.3913113485814,52.2780370817086,238.152489028143,163.669571200003,239.759803536808,-185.874451946435,76.090232336805,1.60731450866471
"iESM45_uncoupled",2058,289.018354634863,289.774747771133,1150.79464613187,0.0111414349650871,77.9643699072553,91.2863695448998,18.1307407527146,51.8000560134735,238.226404614131,163.17727799676,239.366143726756,-186.426348600658,76.188865729996,1.13973911262525
"iESM45_uncoupled",2059,288.822027954283,289.574980238997,1144.62064760271,0.0109504253168131,77.8121488797895,90.7261592488135,18.2194671759174,52.2089847589098,237.990845592611,163.407203301524,239.424616769582,-185.781860833702,76.0174134680574,1.43377117697037
"iESM45_uncoupled",2060,288.922158892923,289.677376701696,1137.94076430739,0.0109152361722144,77.6354703147649,90.2819022060643,18.3155349833448,52.6931333515745,237.946027346564,163.939094016301,239.870512316346,-185.252893994989,75.9314183000457,1.92448496978237
"iESM45_uncoupled",2061,289.049554919569,289.808303791383,1150.47330360993,0.0110945146743175,77.8296814783372,91.3358028168361,18.3598357834278,52.1579849180105,238.306575270655,163.80326317626,239.811855780525,-186.148590352644,76.0085926042646,1.50528050987034
"iESM45_uncoupled",2062,289.123018534401,289.882011381916,1158.31200120264,0.0111922532281549,77.926769224297,91.8403551813559,18.1736699754576,51.6628773116544,238.647710736881,163.363619819416,239.562505296188,-186.984833425227,76.1988854767715,0.914794559306538
"iESM45_uncoupled",2063,288.914387283489,289.658383912029,1142.28244013067,0.0109801355707897,77.8074140912717,90.5365817703278,18.1786703118857,52.2769647901023,238.028348008135,163.5063552231,239.503501914108,-185.751383218033,75.9971466910076,1.47515390597269
"iESM45_uncoupled",2064,288.807040895299,289.56122118104,1142.39017352823,0.0109163093054291,77.6470926514812,90.6660955667788,18.4013798338365,52.7252373992476,238.138806024198,164.070287678227,239.86812128891,-185.41356862495,75.7978336106836,1.72931526471223
"iESM45_uncoupled",2065,289.048066832619,289.805017411605,1145.7798866379,0.0110851006767188,77.6905663167754,90.8980478236736,18.5873532441163,52.2985100520196,238.41354501235,163.802386717289,239.884600732005,-186.11503496033,76.0822140147155,1.47105571965544
"iESM45_uncoupled",2066,289.160087577307,289.907823729543,1148.59675348663,0.0111386291210388,77.7289890972856,91.0793798790175,18.3355335518496,52.0954573409455,238.484998216847,163.798524073615,239.931643382998,-186.389540875901,76.1331193093827,1.44664516615079
"iESM45_uncoupled",2067,289.142082449093,289.894742847636,1148.68277303921,0.0111178605823071,77.7106478033197,91.1265950566259,18.3285168498497,52.1342469973629,238.471520063918,163.786828478926,239.976933801581,-186.337273066555,76.190105322655,1.5054137376638
"iESM45_uncoupled",2068,289.189574507891,289.948031122401,1150.78483001494,0.0111521048068066,77.6494643443194,91.2979116789542,18.4876772956854,52.1325790009214,238.777293002472,163.942515641856,240.028943571331,-186.64471400155,76.0864279294755,1.25165056885962
"iESM45_uncoupled",2069,289.254218681662,290.011479507472,1151.23441533016,0.011193036129429,77.739436618656,91.3090710121032,18.3928301294149,52.0535075483053,238.713862483125,164.02525654423,240.280242577063,-186.66035493482,76.2549860328329,1.566380093938
"iESM45_uncoupled",2070,289.224231719546,289.976762249114,1153.60154108646,0.0111902306173294,77.6999274243368,91.4815463678371,18.4082744378042,51.9577153174301,238.864655074617,163.672334200576,239.914577433745,-186.906939757187,76.2422432331686,1.04992235912763
"iESM45_uncoupled",2071,288.940800332031,289.688658564407,1145.26391987726,0.0110347382682492,77.8844975691279,90.8249967995546,18.1690301930767,52.0997050750563,237.884234752428,163.855403344102,239.817459047556,-185.784529677372,75.9620557034535,1.93322429512761
"iESM45_uncoupled",2072,289.044445358523,289.79780518015,1143.77755394411,0.0110665874116068,77.7358048720793,90.7394657101779,18.2494942105672,52.3552638586834,238.00966647532,164.120853660307,240.129150269677,-185.654402616637,76.0082966093704,2.11948379435716
"iESM45_uncoupled",2073,289.337755606688,290.092748239857,1151.59867682435,0.0112340933113505,77.5635326263303,91.4102757914846,18.4850139557914,52.3071985888457,238.714555094888,164.47282607219,240.564063148479,-186.407356506043,76.0912370762881,1.84950805359031
"iESM45_uncoupled",2074,289.367920460436,290.121573298407,1159.94508403914,0.0113166022707135,77.8686028906524,91.9635610249074,18.2371175263919,51.5751063540482,238.85433276776,163.853049324211,240.043412758848,-187.279226413711,76.1903634346377,1.18907999108889
"iESM45_uncoupled",2075,289.289213852483,290.040678783311,1147.38191794032,0.0111311613737931,77.3823374728113,90.9785634187385,18.4746083981266,52.6100732905243,238.93949391276,164.660491569614,240.69553180505,-186.329420622236,76.0350402354358,1.75603789228963
"iESM45_uncoupled",2076,289.382519484475,290.133591075823,1155.1710734006,0.0112341736324894,77.6504568729049,91.7161598158078,18.4203785283031,52.0708710099768,238.828379590572,164.378384222102,240.577186575053,-186.757508580595,76.1988023529511,1.74880698448079
"iESM45_uncoupled",2077,289.339319543411,290.085951502605,1158.98582597652,0.0113058768531833,77.8703971808033,91.8599799453801,18.2223263750638,51.5909740354997,238.922092135309,163.886648407171,240.154618981758,-187.33111809981,76.2679705745868,1.23252684644851
"iESM45_uncoupled",2078,289.150476962633,289.902636409789,1145.96525685808,0.0110982531037022,77.666990794692,90.904646308466,18.3764578577814,52.3075201559427,238.372127275707,164.474150130577,240.542241280724,-186.064607119764,76.0680911501474,2.17011400501755
"iESM45_uncoupled",2079,289.322451724041,290.070369159647,1150.52195870075,0.0111745401364868,77.4452275610754,91.2634750646023,18.4324936683111,52.6437025343393,238.993090639207,164.849713580498,240.910307103272,-186.349388104867,76.060593522774,1.9172164640654
"iESM45_uncoupled",2080,289.417535054901,290.167279773784,1160.25614045688,0.0112831904353351,77.6210197028516,92.0836365810248,18.5027517597768,52.028898265226,239.288430968248,164.64038128339,240.71534150695,-187.259532703022,76.0749602235605,1.42691053870269
"iESM45_uncoupled",2081,289.455138044408,290.20145867309,1160.18053288021,0.0113105631201573,77.6502804976978,91.9680985270596,18.3623400282586,51.8738048351987,239.243055941163,164.393376632786,240.573334307591,-187.369251105964,76.1799576748059,1.33027836642892
"iESM45_uncoupled",2082,289.310503279365,290.05185947449,1154.16716453934,0.0112308952312317,77.7194641741772,91.5191035503981,18.147673969436,52.0687159867513,238.584703880442,164.531184604073,240.573661091351,-186.51598789369,76.0424764872784,1.98895721090932
"iESM45_uncoupled",2083,289.311706341901,290.065818585014,1151.65208678134,0.0111759374115132,77.5177159824547,91.4019314083234,18.3441810099934,52.430890859324,238.599623037502,164.68512841528,240.554003902957,-186.168732178178,75.8688754876762,1.95438086545438
"iESM45_uncoupled",2084,289.507269747642,290.265381769889,1156.91173554712,0.0113925206259587,77.7222556971382,91.8251426874494,18.3921038196404,51.7442983152349,238.729191995223,164.539907313226,240.725415490893,-186.984893679988,76.1855081776668,1.99622349567019
"iESM45_uncoupled",2085,289.516694699565,290.258631674627,1164.11202681522,0.0113939688822737,77.6788000216515,92.2602770083016,18.3742920516227,51.6615004518654,239.4752020792,163.933403146451,240.309647925418,-187.813701627335,76.3762447789673,0.834445846218104
"iESM45_uncoupled",2086,289.439456488186,290.195981451517,1159.49925224256,0.0113274318450301,77.6025735751532,91.9837889032127,18.3449494816674,51.897367296967,239.144896016765,164.267787299374,240.455177661543,-187.247528719798,76.1873903621694,1.31028164477761
"iESM45_uncoupled",2087,289.424813850904,290.17871363256,1157.12204820603,0.0113388482803126,77.6341567254729,91.830731650074,18.4890339767799,51.8475544958747,238.982673339192,164.481364552812,240.744977183183,-187.135118843317,76.263612630371,1.76230384399086
"iESM45_uncoupled",2088,289.565140155264,290.305645669269,1166.44715346135,0.0114602916159259,77.7792756451991,92.495352533529,18.2257535584576,51.4791967403279,239.414159065371,164.253189055716,240.618446751198,-187.934962325043,76.3652576954823,1.20428768582673
"iESM45_uncoupled",2089,289.4121973324,290.157323227802,1160.68354602353,0.0113784994837119,77.8384207533102,92.0243616439822,18.3761630205551,51.3960546460092,239.033371441195,163.779423250938,240.10138069405,-187.637316795186,76.3219574431119,1.06800925285476
"iESM45_uncoupled",2090,289.319654875955,290.068414878954,1153.61789859164,0.0112488645015325,77.7502112359921,91.4767671975487,18.2765642926312,52.1287132771916,238.617615708136,164.819181284191,240.839242187245,-186.488902430944,76.0200609030537,2.22162647910902
"iESM45_uncoupled",2091,289.604580581387,290.363123945408,1159.91954789793,0.0113816292535747,77.6774717322483,92.0763555732881,18.4689484596523,51.8715745931432,239.046966250005,164.854852376428,241.064362248158,-187.175391656862,76.2095098717307,2.01739599815365
"iESM45_uncoupled",2092,289.650528334968,290.397721299275,1168.10008741359,0.0114955625905502,77.7479522502507,92.6043279548106,18.250152226504,51.4518029672242,239.508832583658,164.314857399242,240.609426256623,-188.057029616434,76.2945688573817,1.10059367296513
"iESM45_uncoupled",2093,289.467733256804,290.215678348167,1158.94661331851,0.0113193579765087,77.5729755745937,91.9261210642213,18.2951143757219,51.9568018322143,238.956308007321,164.458290309421,240.570487165074,-186.999506175107,76.1121968556526,1.61417915775223
"iESM45_uncoupled",2094,289.364615522447,290.11386780224,1153.63463211838,0.0112634556918878,77.6605178972817,91.5098061032967,18.2711639069473,52.1266391506735,238.675489936098,164.775059619601,240.810783855585,-186.548850785424,76.0357242359837,2.1352939194875
