case,year,spC_PgC_avg,diatC_PgC_avg,zooC_PgC_avg,diazC_PgC_avg,spCaCO3C_PgC_avg,particulate_oC_PgC_avg,particulate_CaCO3_PgC_avg,DOC_PgC_avg,DIC_PgC_avg,H2CO3_PgC_avg,HCO3_PgC_avg,CO3_PgC_avg,CO2STAR_PgC_avg,DCO2STAR_PgC_avg,FG_CO2_PgCperyr_avg,ATM_CO2_ppmv_avg
iESM85_coupled,2006,7.272055176,6.76664843,9.896043795,0.604176174,0.235273648,6.076451895,0.585411816,9.315583907,36591.80799,465.8496506,34615.42166,1510.536532,63.68603147,2.162816619,2.329608362,400.1678982
iESM85_coupled,2007,7.266182709,6.729153657,9.922202028,0.599291943,0.238280617,17.58638984,1.708864067,9.398618144,36594.00786,466.2967402,34618.34591,1509.365102,63.85869353,2.211540491,2.399077557,402.2948735
iESM85_coupled,2008,7.350842371,6.522530015,9.917871205,0.612040584,0.244620462,28.88400548,2.834564227,9.375361532,36596.44041,466.729812,34621.64469,1508.065783,64.28563273,2.209698817,2.381771863,404.963547
iESM85_coupled,2009,7.339827673,6.672291375,9.910836055,0.608938478,0.240126385,40.19197894,3.960662234,9.368359644,36598.92071,467.1642708,34625.01231,1506.744009,64.63316168,2.201833862,2.467187076,407.0938538
iESM85_coupled,2010,7.301400819,6.659055138,9.923629979,0.600213824,0.241499082,51.67560266,5.095968041,9.425635508,36601.25992,467.6394731,34628.11366,1505.50669,64.91492226,2.2204898,2.454085499,409.119528
iESM85_coupled,2011,7.429169093,6.471821023,9.950717161,0.603481347,0.251180903,63.03801676,6.253007009,9.427696179,36603.72158,468.1111841,34631.42186,1504.188375,65.46494144,2.234195215,2.484433041,412.2331185
iESM85_coupled,2012,7.304164874,6.688318486,9.94876,0.610627385,0.240741966,74.52737656,7.397623785,9.472797087,36606.18337,468.5855974,34634.70307,1502.894535,66.01427546,2.16237614,2.480236349,414.366908
iESM85_coupled,2013,7.343022399,6.689125434,9.919808596,0.609758009,0.246417946,86.02988955,8.548062113,9.476957751,36608.61522,469.0787247,34637.90826,1501.628096,66.18957809,2.284954849,2.518003752,416.8468923
iESM85_coupled,2014,7.311741586,6.588526542,9.864280098,0.605437028,0.241345324,97.51423926,9.684827436,9.431129006,36611.26118,469.6180379,34641.42195,1500.221014,66.33771684,2.38871077,2.650166202,419.9564457
iESM85_coupled,2015,7.368395428,6.410716905,9.857665668,0.603136664,0.249229798,108.7531521,10.80912476,9.371513831,36614.0522,470.1362942,34645.20275,1498.712975,66.62634513,2.512893948,2.841816997,423.0456347
iesm85_uncoupled,2006,7.321793689,6.595501481,9.931390903,0.608372582,0.242604045,6.124385129,0.60431318,9.419574926,36591.44326,465.8226696,34614.85444,1510.765913,63.57039484,2.16363454,2.386267828,399.766243
iesm85_uncoupled,2007,7.407242853,6.511027564,9.864052646,0.610593523,0.249595656,17.40175562,1.751303742,9.344788635,36593.99561,466.2791885,34618.35001,1509.366196,63.5933461,2.244101954,2.507760636,402.072393
iesm85_uncoupled,2008,7.230729599,6.873789948,9.910947906,0.601581415,0.233538023,28.87413753,2.878739027,9.408921862,36596.42381,466.7524616,34621.56346,1508.107746,64.26163486,2.262714708,2.469674785,404.801195
iesm85_uncoupled,2009,7.378771549,6.607558717,9.950704983,0.611289053,0.243574548,40.40690871,4.000829642,9.442256134,36598.7116,467.2118981,34624.5984,1506.901123,64.77947357,2.105371559,2.207540805,406.284323
iesm85_uncoupled,2010,7.321190004,6.687260896,9.959967247,0.61737472,0.237163494,51.88321454,5.13757967,9.479255282,36600.95122,467.6344038,34627.61373,1505.702932,65.09250156,2.113589854,2.402146711,408.8535742
iesm85_uncoupled,2011,7.304457783,6.743107754,9.959949015,0.609036975,0.239837063,63.38524187,6.267051052,9.486697937,36603.33822,468.0908572,34630.81363,1504.433678,65.53079659,2.11289045,2.38065952,411.6781779
iesm85_uncoupled,2012,7.342414247,6.666487845,9.979542061,0.600875794,0.242639048,74.96658721,7.405343991,9.520049032,36605.675,468.5816215,34633.88285,1503.210319,65.84254885,2.069696158,2.501468327,414.001607
iesm85_uncoupled,2013,7.253159085,6.77960856,9.938385044,0.601463534,0.232145919,86.54900019,8.523999795,9.500780398,36608.17723,469.0912168,34637.17709,1501.908818,66.44837516,1.919969538,2.452895985,416.6690581
iesm85_uncoupled,2014,7.280645821,6.687644198,9.9199619,0.60803383,0.237718012,98.0482679,9.644291212,9.487558435,36610.63555,469.5856664,34640.42569,1500.624027,66.49313822,2.14779093,2.572250425,419.3159359
iesm85_uncoupled,2015,7.361468458,6.582505082,9.833126749,0.613784236,0.246269921,109.4142879,10.77026142,9.396648833,36613.45634,470.0969021,34644.27132,1499.087981,66.47772442,2.295165085,2.827778768,422.0260577
iESM85_coupled,2016,7.373178396,6.597075695,9.851282574,0.609526322,0.251705496,6.040994526,0.63008708,9.346923773,36616.93436,470.6714453,34649.11795,1497.144828,66.9980153,2.490143109,2.90486765,425.5304997
iESM85_coupled,2017,7.338271279,6.567225321,9.909016696,0.607727814,0.244730836,17.53674532,1.774107991,9.452749953,36619.6131,471.2198748,34652.5913,1495.801877,68.02677177,2.077151714,2.56989455,427.7240044
iESM85_coupled,2018,7.303112719,6.49791295,9.894470409,0.618284309,0.237795965,28.89849596,2.919873518,9.477902369,36622.25311,471.7510902,34656.03967,1494.462179,68.23747081,2.308230766,2.776189551,430.9955805
iESM85_coupled,2019,7.361745251,6.469560079,9.851911296,0.611482095,0.244987435,40.10846015,4.047685225,9.374609894,36625.23615,472.2994806,34660.10442,1492.832072,68.66235695,2.33708988,2.883609779,434.9346462
iESM85_coupled,2020,7.350948809,6.66282922,9.905971568,0.596166651,0.246895628,51.49859451,5.204239379,9.447150967,36627.98643,472.8672299,34663.71655,1491.402471,69.2056011,2.34344752,2.903260938,437.8644098
iESM85_coupled,2021,7.369459029,6.646425684,9.886761649,0.604004443,0.25192248,63.04720332,6.365572463,9.44984943,36630.83245,473.4593685,34667.42142,1489.951514,69.85761075,2.179861873,2.706370769,440.434903
iESM85_coupled,2022,7.403686747,6.514869627,9.87593343,0.606141078,0.248939033,74.54097221,7.528202555,9.478488589,36633.43784,474.0125449,34670.80634,1488.618813,70.07702295,2.288465767,2.626265739,443.7533414
iESM85_coupled,2023,7.326499054,6.52165125,9.830687558,0.597748214,0.247983381,85.9645608,8.698231925,9.452417324,36636.25055,474.5954674,34674.50326,1487.151565,70.49790998,2.426585265,2.863948029,447.6658694
iESM85_coupled,2024,7.313837905,6.63431044,9.861908749,0.59602828,0.243958646,97.37129181,9.843327447,9.454468376,36639.06588,475.1886599,34678.16904,1485.708018,71.17936105,2.404205204,2.886592129,451.5139085
iESM85_coupled,2025,7.293271973,6.346627938,9.792239961,0.61502167,0.240837054,108.7822894,10.9946895,9.466673775,36642.07693,475.8319292,34682.11545,1484.129376,71.19337876,2.565094806,3.205420437,455.0741809
iesm85_uncoupled,2016,7.401483546,6.646597455,9.895278243,0.610955854,0.247380136,6.171888297,0.61912506,9.445282123,36616.39004,470.6356022,34648.21535,1497.538945,67.06351793,2.337312733,2.937473101,425.2091085
iesm85_uncoupled,2017,7.441822521,6.581407047,9.975671838,0.606216822,0.254762742,17.79428003,1.771741744,9.546570558,36619.02851,471.1461507,34651.63208,1496.250146,68.2155931,2.074305178,2.520155497,427.7437339
iesm85_uncoupled,2018,7.383965908,6.515135154,9.938444264,0.622244344,0.244583591,29.42996661,2.959771455,9.565742871,36621.5685,471.6920232,34654.92073,1494.955558,68.38935744,2.107653703,2.5921024,430.5382644
iesm85_uncoupled,2019,7.318992634,6.566116398,9.891580765,0.617395288,0.239945816,40.91487046,4.111838371,9.520883249,36624.33067,472.2465124,34658.5937,1493.490329,68.72092271,2.342206681,2.794817926,434.1696725
iesm85_uncoupled,2020,7.315470811,6.482999093,9.811131589,0.614705981,0.242894035,52.24367513,5.259466329,9.421836999,36627.26294,472.8157474,34662.54982,1491.897248,68.91679346,2.412754291,2.948815603,437.1752792
iesm85_uncoupled,2021,7.282552837,6.513863911,9.814186276,0.605708224,0.241270023,63.42558901,6.393265559,9.346565682,36630.33627,473.3865346,34666.71853,1490.231144,69.52696701,2.35554749,2.971330698,440.7660381
iesm85_uncoupled,2022,7.257599265,6.713921239,9.91130805,0.593111854,0.239632469,74.80840097,7.530882962,9.429332808,36633.12381,473.9371492,34670.37927,1488.807184,70.67271779,2.066631966,2.777757251,443.9093669
iesm85_uncoupled,2023,7.324234971,6.592876485,9.878857237,0.608504154,0.243015058,86.35781079,8.669165191,9.498727483,36635.98269,474.525219,34674.08235,1487.37498,70.71445772,2.337153,3.037744072,447.2235642
iesm85_uncoupled,2024,7.337898759,6.52893681,9.793437455,0.607714517,0.248200485,97.67886349,9.82779315,9.359029792,36639.17313,475.1387404,34678.40872,1485.625511,70.66142744,2.583601988,3.192680866,451.1067166
iesm85_uncoupled,2025,7.333752277,6.423309529,9.788647106,0.601584711,0.243028599,108.9110646,10.9680126,9.327150668,36642.44249,475.7610508,34682.82862,1483.85265,71.38223938,2.496561612,3.194981109,455.7220225
iESM85_coupled,2026,7.374547563,6.392763104,9.781998047,0.606445626,0.250346926,5.969042776,0.61659124,9.395611454,36645.34667,476.4587217,34686.50777,1482.379925,71.68313483,2.70849972,3.190228331,459.3236802
iESM85_coupled,2027,7.408610866,6.536641856,9.845956308,0.594098111,0.256231172,17.47964144,1.789493813,9.502361421,36648.36707,477.1115906,34690.39647,1480.858791,72.62063942,2.477549293,3.062647595,462.5524778
iESM85_coupled,2028,7.253160393,6.441554084,9.803474416,0.605959282,0.236979189,28.92841328,2.95391234,9.471594508,36651.47785,477.763639,34694.4464,1479.267724,73.29422915,2.327817132,3.075479408,466.0646855
iESM85_coupled,2029,7.304827428,6.357421031,9.728467506,0.605791748,0.241891647,40.08306384,4.087536028,9.38518231,36654.76482,478.440002,34698.78997,1477.534539,73.49503067,2.602297278,3.448076598,470.5678837
iESM85_coupled,2030,7.25939694,6.430208029,9.750212326,0.599594948,0.239406045,51.2094385,5.224977769,9.359800985,36658.34792,479.1349426,34703.57265,1475.640105,74.16246935,2.623071944,3.446832728,475.6215008
iESM85_coupled,2031,7.284928276,6.495346689,9.821149103,0.595183688,0.240138565,62.56998077,6.357080708,9.463393488,36661.57482,479.828298,34707.71756,1474.028728,75.30562665,2.371632954,3.199338664,479.110129
iESM85_coupled,2032,7.31034474,6.285877633,9.76458092,0.610941112,0.243857227,73.89282935,7.519078005,9.483713647,36664.70553,480.5332832,34711.76043,1472.411615,75.39746742,2.529589512,3.258724005,482.6598526
iESM85_coupled,2033,7.257186753,6.290340465,9.688306941,0.59903138,0.243324263,84.86573257,8.658304327,9.30666503,36668.19847,481.248498,34716.4244,1470.52541,75.64333919,2.688266587,3.500097662,487.9012244
iESM85_coupled,2034,7.288976363,6.399312121,9.748802082,0.585355507,0.242804053,96.02577857,9.803728401,9.376141923,36671.74248,481.9845869,34721.06201,1468.695705,76.59474848,2.660660538,3.676806215,492.7458539
iESM85_coupled,2035,7.23300914,6.450669753,9.729181925,0.588602987,0.235318096,107.3495126,10.92843692,9.397026834,36675.3862,482.7762597,34725.75978,1466.849885,77.34865313,2.610966916,3.608506696,496.8752957
iesm85_uncoupled,2026,7.353502672,6.360440128,9.823522623,0.59478436,0.248804129,6.016717437,0.620557687,9.367901341,36645.46922,476.3918508,34686.76891,1482.308264,72.05056976,2.46173751,3.052277534,458.7011732
iesm85_uncoupled,2027,7.329990264,6.353984972,9.801276931,0.598500116,0.245781342,17.19969571,1.787002384,9.393241592,36648.4911,477.0248594,34690.7293,1480.736821,72.69209288,2.433257644,3.159607915,462.7098774
iesm85_uncoupled,2028,7.305552223,6.447650937,9.753242326,0.59556886,0.245821914,28.38876638,2.916428018,9.309393524,36651.82655,477.6918234,34695.17932,1478.955198,73.28717672,2.491123437,3.264889831,467.254677
iesm85_uncoupled,2029,7.2610792,6.547875242,9.731100726,0.596669465,0.238708605,39.60892503,4.054187261,9.312292475,36655.12445,478.3731894,34699.54068,1477.210414,73.71387189,2.545886297,3.487058844,471.4584565
iesm85_uncoupled,2030,7.188584482,6.42279813,9.702835899,0.592335431,0.229649277,50.72527148,5.148153559,9.239631182,36658.73715,479.0816587,34704.34571,1475.309639,74.54037388,2.47053366,3.309051052,475.5688382
iesm85_uncoupled,2031,7.330817915,6.413929391,9.805970946,0.594062179,0.246747075,61.82245646,6.272262616,9.348872103,36661.86679,479.7445796,34708.4274,1473.694621,75.27026397,2.458100899,3.38390243,479.6659885
iesm85_uncoupled,2032,7.348068973,6.339203579,9.805646626,0.597374334,0.245818485,73.04019332,7.428253169,9.407637176,36665.18857,480.4564288,34712.70246,1472.029486,75.90778351,2.496821074,3.331978573,484.2320997
iesm85_uncoupled,2033,7.318401737,6.393940562,9.773055546,0.595438666,0.242688738,84.35408477,8.57058934,9.419791299,36668.61187,481.2095107,34717.11175,1470.290344,76.544965,2.542996361,3.416459298,488.7339357
iesm85_uncoupled,2034,7.3038136,6.349655133,9.736641627,0.591686956,0.245252183,95.48745696,9.720672158,9.365786888,36671.98688,481.96456,34721.50644,1468.515689,76.90356149,2.537534067,3.514814623,493.3004826
iesm85_uncoupled,2035,7.347556929,6.245474308,9.722342239,0.590054069,0.25003459,106.568438,10.88390624,9.318379816,36675.58521,482.7344474,34726.20205,1466.64851,77.49897047,2.729524943,3.568239084,498.2179476
iESM85_coupled,2036,7.239617046,6.262482432,9.66909403,0.596626169,0.237689125,5.908397036,0.608378052,9.320349113,36678.9975,483.5371178,34730.50129,1464.958939,77.84009745,2.722765484,3.582438923,501.5741787
iESM85_coupled,2037,7.254064292,6.311732764,9.668140988,0.599046989,0.23721774,16.84573916,1.724793501,9.288938692,36682.86368,484.2949211,34735.63218,1462.936386,78.59444402,2.782253877,3.74873995,506.7024476
iESM85_coupled,2038,7.228431368,6.455405382,9.752010435,0.591384203,0.239778669,28.03115034,2.858683891,9.371713699,36686.29688,485.04397,34740.03117,1461.221631,79.82222778,2.516741474,3.420561412,511.0215211
iESM85_coupled,2039,7.294510694,6.440766043,9.785140341,0.595937854,0.243570019,39.34385227,3.999183373,9.449818699,36689.68692,485.8117197,34744.34489,1459.530041,80.66715705,2.494723839,3.481659993,516.0646879
iESM85_coupled,2040,7.294162562,6.276352029,9.68420907,0.602933851,0.249204829,50.63614745,5.171872226,9.444338303,36693.29579,486.6266943,34748.96552,1457.703305,80.87663935,2.752990104,3.75042025,521.4977531
iESM85_coupled,2041,7.206875179,6.222123095,9.602279395,0.589373422,0.240854375,61.64190335,6.312976604,9.282470891,36697.25388,487.4950831,34754.1483,1455.610255,81.46594201,2.836751835,3.896696936,527.3859766
iESM85_coupled,2042,7.206386807,6.187303922,9.614189148,0.576543717,0.23773325,72.43269677,7.444701469,9.208843922,36701.03791,488.33408,34759.05649,1453.647091,82.34575567,2.744241989,3.710151915,533.1288605
iESM85_coupled,2043,7.249305054,6.112153889,9.640277424,0.566114694,0.242375042,83.27776243,8.580550038,9.226321391,36704.77592,489.1679438,34763.85247,1451.75526,83.1453759,2.775959108,3.707155883,538.7161023
iESM85_coupled,2044,7.193092037,6.241556868,9.685015595,0.573872717,0.234285232,94.23429983,9.700904055,9.303830362,36708.47395,490.0312606,34768.50847,1449.934067,84.06069808,2.800736104,3.84858639,543.6856279
iESM85_coupled,2045,7.199338759,6.198877343,9.634886869,0.579186758,0.2342889,105.227813,10.81334636,9.30708141,36712.3518,490.9438908,34773.4205,1447.987095,84.79424326,2.938568488,3.938251151,549.477421
iesm85_uncoupled,2036,7.323224436,6.333656108,9.700712202,0.583913588,0.244769425,5.96707128,0.606911613,9.314417779,36679.27486,483.5324888,34730.96767,1464.774481,78.24724615,2.64658817,3.653262898,502.8594737
iesm85_uncoupled,2037,7.245579997,6.283024124,9.690796809,0.586110418,0.23629455,17.00821187,1.734558401,9.293051214,36682.72535,484.3031067,34735.44052,1462.981564,79.07454847,2.579691398,3.492166637,507.465331
iesm85_uncoupled,2038,7.252499345,6.257718447,9.712044234,0.584573881,0.238749107,27.968275,2.840643845,9.249011791,36686.33909,485.0799581,34740.14708,1461.111863,79.86246959,2.644022828,3.552892652,512.758634
iesm85_uncoupled,2039,7.25369533,6.153465759,9.679439621,0.586142565,0.240368966,38.87969329,3.976853646,9.248326007,36690.0837,485.8750469,34744.99547,1459.212966,80.67254664,2.698429613,3.756470127,518.2255278
iesm85_uncoupled,2040,7.23981389,6.270749511,9.690690562,0.578882619,0.237961674,49.75304131,5.089946447,9.23933068,36693.79589,486.6663832,34749.82534,1457.304001,81.59606336,2.660571132,3.735151953,523.8655963
iesm85_uncoupled,2041,7.229276097,6.444677075,9.734541463,0.582816194,0.23628975,60.9484078,6.210082259,9.37475579,36697.44636,487.4932873,34754.45234,1455.500476,82.54013691,2.615818647,3.738724059,528.7512534
iesm85_uncoupled,2042,7.287531844,6.175794769,9.691375405,0.596354338,0.241373043,72.03454125,7.34297116,9.369024017,36701.22321,488.3711586,34759.24759,1453.604222,82.93270863,2.861119519,3.841794957,534.0997467
iesm85_uncoupled,2043,7.297001348,6.200371703,9.668245615,0.587131191,0.24519679,83.00994354,8.47232941,9.302004945,36705.08789,489.2320812,34764.24244,1451.613202,83.6402223,2.843430797,3.763961442,539.7454734
iesm85_uncoupled,2044,7.197114946,6.264035788,9.65153709,0.581148524,0.233551694,94.03780335,9.607155152,9.317974611,36708.79904,490.0950473,34768.96246,1449.74134,84.30910479,2.853325494,3.780591439,544.7969157
iesm85_uncoupled,2045,7.221879587,6.15862337,9.651099908,0.579147721,0.235426622,104.9787159,10.7175423,9.297514986,36712.57555,490.9922739,34773.74872,1447.83439,85.18790022,2.797061654,3.818026417,550.7812047
iESM85_coupled,2046,7.206670416,6.146715246,9.56892289,0.576321217,0.23511513,5.789298014,0.586285822,9.221835353,36716.49335,491.8735291,34778.71815,1445.90142,85.64829285,2.999386184,4.039390607,555.7776877
iESM85_coupled,2047,7.187508552,6.208217501,9.639641405,0.573525824,0.231433112,16.54783088,1.695527539,9.219354916,36720.39386,492.7485896,34783.74471,1443.900323,86.77946376,2.796179121,3.842464891,561.3389633
iESM85_coupled,2048,7.300255269,6.35279128,9.722230148,0.572360481,0.244940645,27.69848155,2.81168266,9.390220929,36724.05959,493.6276837,34788.29027,1442.141511,87.69574446,2.897989322,3.859096912,566.5786916
iESM85_coupled,2049,7.286545402,6.017366062,9.578442125,0.590555275,0.248343501,38.80214457,3.969242647,9.35118699,36728.02708,494.6146584,34793.23031,1440.181939,87.91894098,3.201548392,4.02642242,572.747796
iESM85_coupled,2050,7.195071332,6.051325063,9.544710412,0.589721698,0.238286452,49.59446881,5.125665366,9.242042855,36732.2918,495.5964108,34798.70765,1437.987475,88.79501801,3.168495308,4.209485261,580.0300731
iESM85_coupled,2051,7.205801522,6.159842096,9.591015035,0.573362734,0.235273053,60.38477486,6.237425291,9.238013027,36736.41233,496.5550965,34803.90955,1435.947457,90.24087181,2.954448566,3.993478629,586.2083747
iESM85_coupled,2052,7.198647333,6.028441818,9.574408033,0.582671235,0.242303296,71.25700321,7.363758082,9.290607512,36740.31092,497.5160595,34808.72469,1434.069996,91.18749196,2.900549326,3.976368729,591.8070275
iESM85_coupled,2053,7.223761144,6.042209449,9.551746523,0.584395834,0.241930328,82.13670848,8.523589158,9.307639191,36744.34677,498.5339664,34813.74781,1432.064694,91.65676605,3.192255407,4.20786801,598.7895757
iESM85_coupled,2054,7.222062895,6.016281198,9.491013038,0.575261243,0.239840311,92.89455925,9.660465768,9.212173209,36748.70445,499.6035433,34819.22005,1429.88059,92.48156841,3.211488932,4.258551214,606.039475
iESM85_coupled,2055,7.195491973,6.049987517,9.51104069,0.55941238,0.237623997,103.6419879,10.76777086,9.195421037,36752.92341,500.6723907,34824.42538,1427.825296,93.43478089,3.161846244,4.207661753,612.4175282
iesm85_uncoupled,2046,7.26110312,6.037426093,9.690496646,0.575810228,0.238401112,5.806064468,0.614731634,9.289629545,36716.44796,491.9002107,34778.65623,1445.891314,86.26547988,2.830263818,3.892045004,556.9335419
iesm85_uncoupled,2047,7.197843123,6.130508862,9.602861102,0.589870359,0.236437092,16.65231531,1.728521547,9.270647915,36720.37463,492.8291208,34783.61898,1443.926345,86.81103489,2.999696462,4.009125118,562.8826648
iesm85_uncoupled,2048,7.27649523,6.131962867,9.59509483,0.588257963,0.243995007,27.46070197,2.85236987,9.24434357,36724.59177,493.7792713,34789.04253,1441.76968,87.4342794,3.100441539,4.247518655,569.2282846
iesm85_uncoupled,2049,7.176297341,6.292002802,9.64920647,0.573788619,0.23600489,38.52388418,3.999128061,9.342311856,36728.65492,494.749998,34794.11901,1439.785654,88.77653175,2.878587102,3.960083161,574.6939067
iesm85_uncoupled,2050,7.263155269,6.139328423,9.675111427,0.577979813,0.238389679,49.49536378,5.121073275,9.337154945,36732.49911,495.6836388,34798.90693,1437.908322,89.99233233,2.616888913,3.844765006,580.6417937
iesm85_uncoupled,2051,7.192593748,6.13029645,9.617187289,0.580772675,0.23767318,60.53840808,6.254057617,9.355620333,36736.49495,496.6790641,34803.86682,1435.948705,90.68216625,2.881534181,4.117032495,587.1751633
iesm85_uncoupled,2052,7.280168069,5.992306983,9.564465372,0.579899551,0.241949619,71.3737275,7.388933467,9.284214532,36740.64053,497.6918356,34809.0697,1433.878748,91.18760338,3.0449165,4.055392051,594.0006388
iesm85_uncoupled,2053,7.259322483,5.962347039,9.575600048,0.56480912,0.240919806,82.13182951,8.528922502,9.249989189,36744.73931,498.6942384,34814.21692,1431.827916,92.20560144,2.874714098,4.06635141,600.7559955
iesm85_uncoupled,2054,7.316290828,6.002133709,9.611273266,0.566144852,0.248288446,92.97487847,9.669228757,9.304587263,36748.76656,499.7008303,34819.19876,1429.866742,93.19499067,3.063531376,4.252430354,607.3045756
iesm85_uncoupled,2055,7.205428312,6.011696506,9.547571214,0.574565099,0.23914905,103.8205971,10.81982551,9.267911116,36753.0876,500.7722735,34824.55429,1427.760728,94.11373945,3.126496981,4.241404596,614.1349326
iESM85_coupled,2056,7.146392676,5.991135018,9.495627625,0.562532051,0.235315274,5.72990468,0.600916072,9.208023425,36757.04216,501.7425454,34829.45208,1425.847347,94.49326866,3.007877746,4.142571122,618.7611597
iESM85_coupled,2057,7.135949972,5.929149862,9.488022234,0.570593134,0.232328988,16.38610653,1.703750334,9.198399505,36761.23199,502.8140295,34834.64329,1423.774451,95.29055995,3.232342013,4.291372404,626.1562122
iESM85_coupled,2058,7.161693324,5.83568342,9.460359739,0.563695469,0.233306634,26.79431505,2.801668585,9.082083478,36765.54435,503.8836304,34840.04136,1421.619119,96.23127353,3.209225949,4.130690428,633.6629231
iESM85_coupled,2059,7.164551407,5.852254085,9.488320081,0.554851007,0.234573688,37.27053126,3.92142086,9.131905332,36769.76735,504.9467556,34845.21217,1419.608147,97.49999283,3.090984246,4.175783695,640.1425117
iESM85_coupled,2060,7.110297835,5.942866377,9.49446878,0.554831119,0.232326939,47.82094093,5.01995276,9.162390294,36773.77307,506.0120217,34850.03209,1417.728735,98.71381893,3.075893834,3.988740518,646.0933521
iESM85_coupled,2061,7.173284206,5.874792995,9.481332107,0.56391466,0.235133991,58.52962657,6.127276228,9.238737637,36777.80041,507.0967661,34854.85886,1415.844641,99.48590345,3.196560146,4.247300536,653.4847515
iESM85_coupled,2062,7.129330705,5.752014837,9.393905897,0.563137075,0.233970089,68.99745874,7.249104219,9.155600565,36782.0955,508.2499193,34860.12162,1413.723727,100.3957806,3.023430591,4.270093997,661.0283627
iESM85_coupled,2063,7.199305609,5.8777075,9.387582966,0.573443648,0.241355349,79.5297737,8.36691946,9.138680102,36786.60223,509.4043842,34865.64736,1411.550161,100.8875927,3.379186616,4.495610874,668.3544469
iESM85_coupled,2064,7.208714767,6.012060847,9.469778356,0.562863474,0.241635259,90.17709153,9.495995167,9.213210805,36790.84279,510.5346011,34870.77909,1409.528841,102.5267155,3.208154527,4.259605862,674.8139349
iESM85_coupled,2065,7.151201065,5.968460439,9.489730556,0.567229869,0.235313729,101.1462728,10.63392015,9.327114908,36795.12753,511.7146927,34875.84984,1407.562757,103.7989102,3.268241658,4.374294774,682.3952368
iesm85_uncoupled,2056,7.16109996,5.974133361,9.488618409,0.571931306,0.232257209,5.667113356,0.584749557,9.155854537,36757.5212,501.862654,34830.09919,1425.559086,94.93906333,3.09837869,4.273963226,620.6679818
iesm85_uncoupled,2057,7.247693228,5.982865753,9.554131579,0.563314247,0.242163104,16.2552604,1.691847097,9.154829457,36761.6886,502.9049961,34835.25564,1423.527779,96.26595563,2.976484851,4.086866971,627.3136163
iesm85_uncoupled,2058,7.209933347,5.889124604,9.564460366,0.56858469,0.240488059,27.04090876,2.837141277,9.266775114,36765.69005,503.9511016,34840.11787,1421.62085,97.2697029,2.968342087,4.109263945,634.1269725
iesm85_uncoupled,2059,7.163494528,5.938363278,9.500330708,0.578161919,0.234617661,37.73528534,3.963008382,9.230019919,36769.89272,505.0593103,34845.2592,1419.573902,97.87683084,3.231273646,4.37099485,641.848959
iesm85_uncoupled,2060,7.129128086,5.923354234,9.452267521,0.574936867,0.230981626,48.23934977,5.052924101,9.130873357,36774.42606,506.1829198,34850.90359,1417.339295,98.80230534,3.192606003,4.420761949,648.9894973
iesm85_uncoupled,2061,7.2160433,6.04655938,9.526761088,0.558753569,0.241290207,58.99650285,6.178601056,9.234688541,36778.63862,507.3115092,34855.96174,1415.365163,99.98324023,3.139216388,4.254777548,655.7222909
iesm85_uncoupled,2062,7.220624754,5.886274733,9.515496952,0.559847024,0.237893143,69.76843738,7.303357374,9.21854626,36782.74135,508.4274378,34860.88421,1413.429534,101.3887747,2.922620188,3.965060874,663.0504366
iesm85_uncoupled,2063,7.262019771,5.92813142,9.495673126,0.565619498,0.243752279,80.4901987,8.438003751,9.247154246,36786.90532,509.5783625,34865.83586,1411.490752,102.0879252,3.249660967,4.393945171,670.6864005
iesm85_uncoupled,2064,7.179119369,5.831744629,9.41103498,0.557278895,0.236567185,91.17246745,9.56332348,9.160546838,36791.40328,510.799953,34871.27258,1409.330475,102.9771633,3.296163907,4.362956229,679.0750557
iesm85_uncoupled,2065,7.169339546,5.810895181,9.41756238,0.557563519,0.236551025,101.5979062,10.67223494,9.086334452,36795.81041,511.9885221,34876.6108,1407.210784,104.0241955,3.198833203,4.42775744,686.6545825
iESM85_coupled,2066,7.146186654,5.820554015,9.426376299,0.567701714,0.233542865,5.704931045,0.601115768,9.248828619,36799.4555,512.9374801,34881.00173,1405.516074,104.6773366,3.212988559,4.305945188,690.1639967
iESM85_coupled,2067,7.108010251,5.872807382,9.397709215,0.553441239,0.232299188,16.29824476,1.721624054,9.186727627,36803.79665,514.169717,34886.15006,1403.476611,105.5128566,3.268506853,4.273245225,697.9591838
iESM85_coupled,2068,7.067488238,5.885711088,9.3347982,0.554807192,0.226328319,26.82701063,2.805963295,9.135700308,36808.2277,515.4209762,34891.40405,1401.402389,106.5521837,3.43929608,4.456629885,706.1210293
iESM85_coupled,2069,7.093516627,5.789924683,9.357514765,0.554907774,0.232845195,37.32060328,3.906851753,9.129019047,36812.62584,516.6459594,34896.63661,1399.343108,107.9790661,3.15143597,4.234909572,713.7061188
iESM85_coupled,2070,7.076104643,5.838130133,9.342788225,0.557480005,0.228381314,47.85024835,5.008191814,9.162422864,36816.88206,517.8757838,34901.62442,1397.381599,108.7719945,3.296246173,4.48760036,721.2249427
iESM85_coupled,2071,7.104368324,5.715461353,9.327793322,0.553806844,0.231884222,58.21686559,6.094609235,9.104131669,36821.43599,519.1655612,34907.03042,1395.239838,109.9566297,3.29549457,4.493228185,730.08995
iESM85_coupled,2072,7.113887958,5.664858186,9.280952383,0.547485402,0.231653882,68.5909972,7.195831622,9.06268042,36826.0557,520.4928617,34912.48297,1393.079575,110.7500549,3.419674141,4.575380534,738.5445143
iESM85_coupled,2073,7.069774441,5.681246182,9.333689465,0.552480111,0.227306887,78.78522765,8.279654575,9.043067968,36830.54855,521.7916807,34917.76598,1390.990669,112.3576579,3.277293795,4.494799057,746.7779217
iESM85_coupled,2074,7.091760217,5.80731931,9.348729124,0.554375483,0.232236916,89.24982063,9.377097225,9.132285956,36834.89115,523.0827541,34922.77138,1389.036777,113.5949264,3.20454974,4.378925688,754.2607053
iESM85_coupled,2075,7.148255607,5.75243828,9.367685331,0.546267841,0.235416254,99.77503081,10.48455405,9.16705523,36839.21146,524.4001082,34927.71403,1387.097128,114.9002478,3.259585857,4.305382278,762.2698454
iesm85_uncoupled,2066,7.168034936,5.843037056,9.419333511,0.562165694,0.235976853,5.658404725,0.592563254,9.113606341,36800.27647,513.2034736,34881.97569,1405.097052,105.1404946,3.286511143,4.422695592,694.8985967
iesm85_uncoupled,2067,7.244370786,5.854083788,9.470030205,0.556610953,0.244583766,16.35416705,1.722494862,9.220773763,36804.50321,514.3994084,34886.96859,1403.134994,106.4001306,3.216216714,4.335782777,702.4086725
iesm85_uncoupled,2068,7.112579423,5.787358511,9.398654943,0.564376285,0.233980951,26.92774762,2.85209931,9.210883843,36808.7887,515.650383,34891.97138,1401.166709,107.361859,3.33380631,4.376552925,710.1680065
iesm85_uncoupled,2069,7.188224933,5.696335033,9.330338201,0.561736911,0.238349436,37.37972988,3.96069218,9.094300026,36813.36796,516.9460378,34897.42036,1399.001299,108.2264365,3.409799059,4.504566986,718.5553266
iesm85_uncoupled,2070,7.148999894,5.802608847,9.352426935,0.558999555,0.235169498,47.75777391,5.072096935,9.050763983,36818.03508,518.2197244,34903.01557,1396.79957,109.8094989,3.148723662,4.437929738,726.5287603
iesm85_uncoupled,2071,7.119053631,5.727809618,9.378015226,0.546746394,0.23403875,58.28612849,6.194406551,9.133261507,36822.23633,519.4234586,34907.89162,1394.921054,111.5718012,2.977767126,4.118598483,733.381381
iesm85_uncoupled,2072,7.202366476,5.757201149,9.384906264,0.555757033,0.243051857,68.71942803,7.303352022,9.148929692,36826.22749,520.6307459,34912.48106,1393.115399,112.493024,3.147536658,4.202151629,741.6257282
iesm85_uncoupled,2073,7.172134203,5.611191112,9.274792922,0.560377434,0.23829103,79.24762303,8.445147716,9.136739517,36830.68934,521.9739273,34917.64221,1391.072986,113.0381905,3.542465798,4.584266321,750.5713095
iesm85_uncoupled,2074,7.063818633,5.75191645,9.262000196,0.567298818,0.22816914,89.49955811,9.545232137,9.031337906,36835.48413,523.3288392,34923.3308,1388.82417,114.2348924,3.408840183,4.550972118,759.2562863
iesm85_uncoupled,2075,7.034934768,5.793571238,9.324723043,0.550151558,0.225121601,100.0240131,10.6517713,9.163633997,36839.66621,524.6150256,34928.06628,1386.984673,115.8464488,3.207722541,4.162793109,765.8988834
iESM85_coupled,2076,7.135338048,5.617648655,9.295382089,0.553324178,0.235439148,5.580926973,0.60726631,9.151915359,36843.50552,525.7369749,34932.61551,1385.152805,115.6993815,3.389317838,4.360629495,770.493545
iESM85_coupled,2077,7.064795955,5.566586188,9.227637138,0.547765703,0.22824729,15.74233297,1.693588807,9.007919349,36848.02683,527.0844194,34937.88711,1383.055122,116.5001982,3.347484041,4.29288837,779.2049954
iESM85_coupled,2078,7.106179078,5.607444437,9.275060859,0.541898665,0.236602781,25.9111108,2.788867937,9.018044179,36852.29678,528.3929148,34942.7702,1381.133433,117.6894027,3.367346508,4.432073042,787.1837052
iESM85_coupled,2079,7.118385249,5.61767596,9.296529519,0.543782198,0.238351151,36.35685623,3.915060883,9.108349246,36856.73747,529.7772902,34947.77196,1379.187855,119.4770398,3.209414949,4.419581647,795.9572591
iESM85_coupled,2080,7.121656468,5.494867434,9.257809801,0.540934697,0.238747619,46.64420442,5.023533772,9.068364087,36861.14231,531.159708,34952.75443,1377.227918,120.8897328,3.186153795,4.356237014,804.3187755
iESM85_coupled,2081,7.072110835,5.415628306,9.177587899,0.551456243,0.236375151,56.72865115,6.143858321,8.967470045,36865.60566,532.5540224,34957.83511,1375.216282,121.7322179,3.381920364,4.539166989,813.6061414
iESM85_coupled,2082,7.046053966,5.550854322,9.165774472,0.562591218,0.230437348,66.68607702,7.222624158,8.882528924,36870.34387,533.9739399,34963.31799,1373.051753,122.7970683,3.227373929,4.471862447,822.9451456
iESM85_coupled,2083,7.061592568,5.613644656,9.264824567,0.540861957,0.235046533,76.92870763,8.320721043,9.061896235,36874.44615,535.3021083,34967.82319,1371.32064,124.4299243,3.190139646,4.161933078,830.2456299
iESM85_coupled,2084,7.048124556,5.491075186,9.205179313,0.546175814,0.228867074,87.19290496,9.436494552,9.080687444,36878.65564,536.7099096,34972.4263,1369.519237,125.2965497,3.279423971,4.360548489,839.0505159
iESM85_coupled,2085,7.012722126,5.528449374,9.13240652,0.54214238,0.227889675,97.25708104,10.5173003,8.973214373,36883.18812,538.1785224,34977.49852,1367.510745,126.2067548,3.401793056,4.500856151,848.8965739
iesm85_uncoupled,2076,7.087454709,5.652721654,9.30131932,0.553724389,0.230539687,5.538888785,0.595152929,9.105852308,36843.87083,525.9357807,34932.85553,1385.079241,116.7458849,3.377746575,4.372170044,774.6585517
iesm85_uncoupled,2077,7.033548016,5.684076078,9.253284056,0.54220412,0.225183372,15.76082467,1.681063171,9.007766043,36848.41724,527.2931292,34938.12625,1382.997538,117.970529,3.462055352,4.419087428,784.2632952
iesm85_uncoupled,2078,7.075453711,5.688105735,9.297112997,0.539209275,0.229162301,26.13143018,2.774204899,9.070660848,36852.84905,528.6533906,34943.16472,1381.030698,119.4877421,3.278586215,4.39863634,792.4130077
iesm85_uncoupled,2079,7.050029565,5.703631041,9.252258114,0.541165208,0.227109338,36.43958647,3.851885312,9.03882159,36857.14,530.0094146,34948.01355,1379.116772,120.6029703,3.333943198,4.351752645,800.7619089
iesm85_uncoupled,2080,7.078046552,5.610024654,9.250521854,0.533944198,0.23059741,46.7152147,4.943692679,9.01346657,36861.56753,531.4121453,34953.00169,1377.153378,121.5314522,3.374579189,4.408962592,809.5937314
iesm85_uncoupled,2081,7.089771686,5.509177572,9.212908261,0.535661871,0.231236774,56.97978405,6.047892391,8.998307729,36866.00672,532.8294079,34958.01217,1375.164859,122.3484428,3.415510241,4.419089919,818.035184
iesm85_uncoupled,2082,7.011874347,5.541937899,9.19640637,0.535488073,0.226531102,66.90401204,7.112295196,8.867187152,36870.54866,534.2303985,34963.20565,1373.112379,123.6447375,3.266994978,4.444563908,826.8115198
iesm85_uncoupled,2083,7.073972913,5.531475309,9.261701306,0.531230459,0.230320225,77.05484827,8.202140382,8.982778983,36874.83248,535.6213133,34967.9514,1371.259505,125.0320517,3.262357535,4.378875518,834.7147471
iesm85_uncoupled,2084,7.05834219,5.515411863,9.248488081,0.533213261,0.228214418,87.18189927,9.282291252,8.98454469,36879.14449,537.0267777,34972.72731,1369.390135,126.5762789,3.192941422,4.291033363,843.9129611
iesm85_uncoupled,2085,7.040287938,5.597992741,9.218186524,0.52753173,0.231984509,97.401504,10.37704055,8.992556777,36883.51208,538.4687259,34977.54228,1367.500825,127.8076995,3.397670282,4.45654324,853.3143428
iESM85_coupled,2086,7.028663914,5.507348236,9.146391637,0.549510807,0.230972393,5.372255878,0.58644433,8.902419264,36887.81847,539.6239821,34982.75342,1365.440793,127.6258661,3.285348688,4.343040284,857.57876
iESM85_coupled,2087,7.076590063,5.474427726,9.216163697,0.533110213,0.235072879,15.48817447,1.691272241,9.025933907,36891.89067,540.9896783,34987.15657,1363.744156,129.400803,3.045687124,4.229391593,865.5770571
iESM85_coupled,2088,7.027547824,5.538850719,9.161690884,0.535121013,0.232850835,25.746496,2.795018541,9.041537858,36896.15127,542.4481631,34991.73744,1361.965394,130.6768293,3.259409579,4.274019887,874.2443928
iESM85_coupled,2089,7.010805132,5.457878712,9.125548142,0.529916953,0.225668097,35.85568071,3.87601476,8.962680569,36900.55585,543.9406832,34996.55891,1360.056028,131.7098121,3.344773543,4.36765706,883.7114538
iESM85_coupled,2090,7.033439088,5.405698449,9.126647167,0.530770203,0.228854171,45.85641765,4.959993774,8.951256852,36904.84899,545.4048758,35001.24481,1358.19902,132.6972843,3.445040051,4.450421786,893.0953168
iesm85_uncoupled,2086,7.02491341,5.404799384,9.133080948,0.529580361,0.225384596,5.351346456,0.569671521,8.886940019,36888.09779,539.9551751,34982.68048,1365.461908,128.5112653,3.280552019,4.431651595,862.1708486
iesm85_uncoupled,2087,7.048632278,5.383578856,9.16966428,0.537040921,0.233259285,15.12426863,1.664132639,8.856852482,36892.47194,541.3551706,34987.5846,1363.531894,129.6594302,3.272677549,4.418414705,871.1849734
iesm85_uncoupled,2088,7.019182428,5.474282147,9.203109548,0.533359326,0.22846083,25.22396346,2.754056071,8.957451797,36896.925,542.8391443,34992.44038,1361.645249,131.4859302,3.206553256,4.423875815,879.9636404
iesm85_uncoupled,2089,7.006693259,5.453839539,9.165831334,0.530219947,0.228648534,35.36643996,3.851801513,8.983552085,36901.30088,544.3409848,34997.16999,1359.789683,132.4241081,3.197671334,4.408248536,889.2003225
iesm85_uncoupled,2090,6.97588045,5.320723133,9.111527903,0.531283041,0.223372145,45.18183717,4.923275972,8.867336828,36905.7241,545.8389991,35002.01366,1357.87116,133.4952807,3.267601313,4.390903788,899.2782307